Title,Content,Date,Rating
Fort d√©√ßue car le site ABBEVILLE est‚Ä¶,Fort d√©√ßue car le site ABBEVILLE est limit√© en moyens de paiement pas de possibilit√©s d'utiliser une ecarte seul site de course en ligne qui ne le propose pas.... verdict fraude sur ma carte,2020-10-27,medium
Grosse arnaque.,"Grosse arnaque.J'attends toujours le plat 32/19 command√© avec 50 vignettes soit 500 euros de produits Intermarch√©.On nous promets des produits, ensuite on nous dit qu'il faut s'inscrire sur le site, ensuite on nous dit que l'on est bien sur la liste, et enfin on nous dit qu'ils n'en on pas re√ßu.Cela semble √† de la publicit√© mensong√®re ............",2020-10-25,medium
SATISFACTION,"Bonjour,Je suis tr√®s satisfaite de la pr√©paration de la commande, de la livraison et de l'accueil t√©l√©phonique. Le personnel est tr√®s accueillant et professionnel.A recommander.",2020-10-22,medium
Lors d'une livraison Drive,"Lors d'une livraison Drive, j'ai √©t√© factur√©e de 3 bouteilles de jus pressade mais je ne les ai pas eues...Un avoir √† d√©duire sur une prochaine commande au drive...mais j'ai pr√©cis√© que je ne souhaitais plus commander au drive suite √† beaucoup de manquants, je leur ai demand√© de me mettre le remboursement sur ma carte de fid√©lit√©. Ils m'ont dit ""ok"". J'ai donc fait des achats dans le magasin, mais rien sur ma carte!, la caissi√®re et Nathalie se sont occup√©es du probl√®me et ont fait le n√©cessaire, merci √† elles !",2020-10-22,medium
Hyper Intermarch√© 38150 au top !,"Hypermarch√© assez proche du centre ville du P√©age de Roussillon bien plac√©. Les prix n'ont rien √† rougir face √† la concurrence, surtout quand on profite des promos avec catalogue toutes les semaines.Le magasin est propre et rassurant. Les prix sont tr√®s correct. La qualit√© des fruits et des l√©gumes sont de qualit√© et souvent moins cher que dans les discount comme Lidl (Aldi je ne sais pas).Par contre le boucher qui d√©coupe devant vous la viande √† mains nues sans les gants... √á√† ne donne pas envie d'acheter. D'ailleurs la viande au march√© frais boucherie en visuel n'a pas l'air de bonne qualit√©, surtout les promos. Rien √† voir avec les belles photos sur le site Internet... Les points fort:- ce sont de vrais promotions, attention aux dates de p√©remption tout de m√™me, elles sont assez courtes.- le drive et la livraison √† domicile. Si l'article n'est pas disponible, il sera remplac√© par un autre article m√™me si c'est plus cher mais au prix de l'article initial. Tr√®s fort de son succ√®s il est difficile d'avoir un cr√©neau pour la livraison. Un ajout de 5‚Ç¨ si vous habitez en √©tage qui ne semble pas √™tre remis au(x) livreur(s). Un suivi de la commande exemplaire.- la transparence des prix consultables sur InternetLes prix sont int√©ressant avec les promos + le syst√®me de fid√©lit√©.",2020-10-21,medium
promo toujours en rupture,promo toujours en rupturecaissieres qui refusent presque toujours les bons de reductions et souvent peu aimables,2020-10-21,medium
C est bien de faire de la pub √† la t√©l√©‚Ä¶,"C est bien de faire de la pub √† la t√©l√© mais il faudrait avant honnorer les promotions annonc√©es √† inter aulnoye aymeries il est rare d avoir les promos (pas livr√©, il n y en a plus et on est livr√© qu une fois ) bref ils n'ont jamais ce qui est en promo",2020-10-16,medium
bjr promo introuvable sur la lessive‚Ä¶,bjr promo introuvable sur la lessive ariel en 33 lavage introuvable dans tout le departement,2020-10-08,medium
INTERMARCHE DE MAGNY LES HAMEAUX 78‚Ä¶,INTERMARCHE DE MAGNY LES HAMEAUX 78 REFUSE DE SERVIR LA CLIENTELE FRAGILE PAR LE DRIVE OU LA LIVRAISON DEPUIS AVANT LE CONFINEMENT! LEUR SITE A UN RUBRIQUE AVIS AUQUEL ILS NE REPONDENT PAS UNE FOIS QU‚ÄôON A REDIG√â UN MESSAGE POUR RIEN. LEUR ATTITUDE EST INACCEPTABLE QUAND D‚ÄôAUTRES INTERMARCH√âS OFFRE LE DRIVE ET LA LIVRAISON.,2020-10-03,medium
J'attends encore...,"Je n'ai jamais re√ßu mes plats masterchef commander en ligne. Mon collecteur √©tait plein. On collectionne les vignettes mais au moment de prendre les articles ,ils sont indisponible. Intermarch√© tr√®s d√©cevant.",2020-10-03,medium
Pitoyable √† fuir,"Pitoyable √† fuir intermarch√© beauvoir sur mer (85230)Se disent commer√ßants ????La ""responsable"" vous hurle dessus l√®ve les yeux au ciel, vous envoie balader...... Bref √† fuirPour un retour article ne font que des avoirs car Vous avez fait une erreur et pas eux ü§£ü§£ü§£Classe ces ""commer√ßants""Autant les employ√©s sont agr√©ables autant les patrons sont ex√©crablesR√®gles de covid √† peine respect√©es Une h√¥tesse de caisse qui tous les jours porte son masque sous le nez ou m√™me carr√©ment sur le menton",2020-10-02,medium
Intermarch√© de Beauvoir sur Mer 85230,"Intermarch√© de Beauvoir sur Mer 85230, refus cat√©gorique des garanties du mat√©riel apr√®s achat BIEN S√õR......Donc ma note est :D.A.U.B.E.....De plus les r√®gles d'hygi√®ne sont limit√©s, pas de produits √† l'entr√© pour se d√©sinfect√© les mains !!! Et j'en passe.....Donc √† bon entendeur, passez votre chemin et allez √† super u de Beauvoir sur Mer 85230.Ils sont magnifiques et tr√®s accueillants comparer √† Intermarch√©.",2020-10-01,medium
Tr√®s d√©√ßu d inter marche de zac de‚Ä¶,"Tr√®s d√©√ßu d inter marche de zac de champ St Ange √† VarcesRayon charcuterie .la personne me sert 2 tranches de pate croute (entre nous arriv√©  √† la maison deux tranches de marbre) et demander  de me mettre le talon en chute , j ai pas fait attention .elle ma tout  pesait au prix normal Vraiment pas professionnel  tr√®s d√©√ßu de ce magasin...petite erreur avant mais rien dit mais la ,c est prendre les gens pour des pigeons.",2020-10-01,medium
INTERMARCHE FREJUS,LA DIRECTRICE A DONNE SA PROMESSE DE M INFORMERMAIS AUCUNE REACTIONIL NE SEMBLE PAS D ETRE UN SUJET D IMPORTANCE PAS DE PROGRES ALORS,2020-09-30,medium
PAS DE MAILS POUR R√âCUP√âRER MES PLATS MASTERCHEF,"J'attends toujours le mail pour aller chercher mes plat masterchef depuis le mois de mai. Et la visiblement c'est trop tard pour demander quoique ce soit. Ce n'est pas la faute de mon intermarche , lui m√©rite 5 √©toiles, personnel accueillant souriant etc etc mais par contre A REVOIR POUR LES RETOURS DE MAILS CONCERNANT LES ARTICLES MASTERCHEF. TRES D√â√áUE üòû",2020-09-28,medium
Promo √©cran plat 139cm Hitachi √† 289‚Ç¨,"Promo √©cran plat 139cm Hitachi √† 289‚Ç¨, rdv √† henrichemont (18), et l' √©cran plat est √† 349‚Ç¨. Bon je rentre et en discute avec mon amie et pour quelques dizaines d'euros suppl√©mentaire on d√©cide de la prendre malgr√©s leur pub mensong√®re. En arrivant √† la caisse on se rend compte que c'est pas une139cm mais une 113cm, ben super n'√©tait ravis double belle carotte. Merci inter pour votre publicit√© mensong√®re.",2020-09-26,medium
Intermarch√© Argeles sur Mer (66)Accueil d√©plorable,"Hier matin 25 septembre √† 9h45 pr√©cis√©ment je suis all√©e pour louer un v√©hicule la personne de l'accueil la pauvre √©tait seule pour tout g√©rer:T√©l√©phone R√©clamationRembourser produits Et bien entendu location de v√©hicule. J'ai attendu plus de 15 mn pour √©tablir le dossier de location. Une personne venue je pense d'un autre service est pass√©e √† c√¥t√© de moi, j'attends encore son retour de bonjour !Bref visiblement elle a se baladait laissant sa coll√®gue se d√©brouiller seule .Lorsque cette personne est repass√©e pr√®s de moi je me suis lev√©e pour m'adresser √† elle en renouvellement mon bonjour et sa r√©ponse a √©t√© :Laissez moi passer j'ai autre chose √† faire !Qu'est-elle venue faire: montrer son incomp√©tence , simplement¬† histoire de se d√©gourdir les jambes ?Monsieur le Directeur veuillez observer par moment le comportement de votre personnel et enseigner √† certaines personnes des le√ßons de politesse idem pour la station !Merci de vous pencher sur le probl√®me. Cordialement",2020-09-26,medium
ACCUEIL INTOERABLE Les 2 personnes assise l accueil de‚Ä¶,Les 2 personnes assises √† l accueil de l intermarch√© de thiers dans le puy de dome 63 ne sont pas tr√®s aimables et ne m ont pas donn√© envie de REVENIR dans cette enseigne apr√®s l attitude d√©sinvolte et √† la limite de la politesse qu elles ont eu √† mon √©gard  hier apr√®s-midi alors que je cherchais les masques qui avaient √©t√© cit√©s √† la publicit√© √† la radio Leur r√©action √† √©t√© disproportionn√©e √† leur fonction et √† l √©gard  d'un client Mesdames si un client vous demande un renseignement ce n'est pas pour vous emb√™ter c est parceque cela fait partie (ne vous en d√©plaise  d'informer les consommateurs) de votre travail Votre attitude et r√©action ne me donne pas envie de faire des courses dans un magasins o√π les personnes a l accueil vous agressent si  vous leurs demandez un renseignement.......inadmissible......intol√©rable de la part d une enseigne aussi connue Mesdames il y a s√ªrement des personnes qui remplirait votre fonction mieux que vous si votre travail ne vous convient pas laissez la place √† des personnes comp√©tentes qui sauraient mettre en-avant l image de marque de l enseigne,2020-09-25,medium
Les masques vendus actuellement ne sont‚Ä¶,"Les masques vendus actuellement ne sont pas aux normes  / essayez le test de la bougie :un moindre souffle eteint  la flamme ,donc inefficaces",2020-09-25,medium
Masques üò±,J'ai re√ßu SMS pour des masques.... Et offre de 10 ou 50....grand bien m'a pris d'acheter bo√Æte de 10...2‚Ç¨ certes mais d'une qualit√© m√©diocre et une odeur insupportable. Pas made in France C'est s√ªr..... Lamentable üò†üò°,2020-09-24,medium
Intermarche Roye HONTEUX,"Honteux! Une ""responsable"" s'en prend ouvertement ƒÅ l'une des coll√®gues, en plein magasin, devant les clients. R√©glant ses comptes. Un appel t√©l√©phonique a mis fin √† cette situation intol√©rable. Je ne sais pas qui √©tait au bout du fil, mais en tout cas la ""responsable"" √©tait bien plus professionnelle. INADMISSIBLE. Cette responsable ne devrait pas √™tre autoris√©e √† manager une √©quipe. Cette responsable peu importe le motif n'a pas √† s'exprimer de la sorte ni en face √† face ni devant les clients. Il faut qu'il y ait une sanction!!",2020-09-23,medium
Intermarch√© Cessole Nice,Intermarch√© Cessole Nice . Ce magasin participe √† l'op√©ration en partenariat avec Tefal. Objectif acheter une po√´le Tefal avec remise de 50% sous condition de rapporter une po√™le usager. Apparemment tout le monde n'a pas compris le contenu de ce  prospectus ni l'op√©ration en cours car une responsable a exig√© que je lui rapporte une po√´le Tefal. Ce qui n'est pas sp√©cifi√© et les autres intermarch√© prennent toutes les po√´les. Je crois que le but d'une op√©ration est de vendre et non le contraire sauf √† Cessole.,2020-09-22,medium
Publicit√© mensong√®re,"Bonjour, Aujourd'hui je re√ßois le prospectus, et dessus il y a une offre tr√®s int√©ressante d'un aspirateur rowenta avec un prix de d√©part de 179.90 ‚Ç¨ mais vendu 59.90 ‚Ç¨, je m'en presse d'aller au magasin car l'offre √©tait tr√®s all√©chante et en discutant avec la caissi√®re sur le prix de base, je d√©cide de regarder sur le net a combien est elle vendu, le prix de base de cet aspirateur est de 100euros grand max et non pas 179euro !! Mais quel belle carotte, donc attention v√©rifi√© toujours le prix de base avant d'acheter quoi que se sois.",2020-09-22,medium
Impossible de cr√©er mon compte fid√©lit√©‚Ä¶,Impossible de cr√©er mon compte fid√©lit√©  . .....!!!!,2020-09-19,medium
Ce matin Intermarch√© Gaillard,Ce matin Intermarch√© Gaillard. On m‚Äôa remis un bon de r√©duction de 2.80‚Ç¨ sur le lait Guigoz bio 2 et 3 . Il n‚Äôy a pas de Guigoz bio 3 en rayon c‚Äôest vraiment se moquer de la t√™te des clients,2020-09-16,medium
bonjour,"bonjour, je suis cliente intermarch√© depuis des ann√©es.. hier le 14 septembre j'ai fait mes courses, j'aime beaucoup la qualit√© de service √† la boucherie. par contre gros b√©mol concernant le passage en caisse par une employ√©e d√©sagr√©able √† tout point de vue.intermarch√© rue Paul Masson √† Brest ;il √©tait 12h15",2020-09-15,medium
intermarch√© st yrieix la perche 87500‚Ä¶,"intermarch√© st yrieix la perche 87500 avenue de p√©rigueux; une employ√©e est d√©testable avec tout le monde , elle passe son temps √† rabaisser et √† humilier les clients , chose facile avec une client√®le rurale et √¢g√©e, mais les couples de 40 ans ne lui font pas peur. Le magasin perd de plus en plus de clients par sa faute ( entre clients on parle), cette femme est proche de lucifer, c'est insoutenable, et quand vous demander √† voir un responsable celui-ci (ou celle-ci ) vous r√©pond qu'il est au courant, que le probl√®me est r√©current, mais qu'il ne peut malheureusement rien faire . Cette personne doit b√©n√©ficier d'un soutien et d'une protection particuli√®re de toutes fa√ßons elle sait s'arr√™ter √† chaque fois juste avant la faute professionnelle et s'arrange aussi √† ce que ses sup√©rieurs soient absent lorsque qu'elle op√®re; par contre quand vous demandez √† voir un responsable de magasin apr√®s une de ses actions maudites elle est beaucoup plus en retrait et effac√©e, normal pas vue pas prise . Voil√† , c'est dommage il y a tellement de gens comp√©tents qui pourraient la remplacer .",2020-09-14,medium
Intermarche BREVAL,"Intermarche BREVALJ'ai vue des produits p√©rim√©s en rayon !  Caissi√®res arrogantes, tout est hors de prix, un magasin √† √©viter je vais chez LECLERC...",2020-09-12,medium
Intermarch√© drive Montpon-m√©nest√©rol‚Ä¶,"Intermarch√© drive Montpon-m√©nest√©rol 24700 Dordogne.personnel gentil sympa OK.Le probl√®me est que lors de la commande par internet la veille, les articles sont disponibles mais....surprise le lendemain lors de la r√©cup√©ration de la commande il manque TOUJOURS des articles que plus est sont essentiels. Ceci quasi toutes les semaines, on peut compte les semaines que la commande est compl√®te!Les fruits ne sont pas n'ont plus de la premi√®re fra√Æcheur.Conclusion NAVRANT est DOMMAGE !!!",2020-09-10,medium
remarque sur intermarch√© de ramonville‚Ä¶,"remarque sur intermarch√© de ramonville st-agne.  samedi  5 septembre, dans le magasin : employ√©s  masques sous le menton, d'autres nez √† l'air 'ainsi qu'√† la caisse o√π je  suis pass√©e. J'en ai fait la remarque √† Monsieur  le Directeur qui m'a envoy√©e promener d'une fa√ßon assez cavali√®re : n'a pas d'ordres  √† recevoir de ma  part  je ne donnais  pas d'ordre je faisais une remarque.",2020-09-08,medium
Un petit magasin de proximit√© assez‚Ä¶,"Un petit magasin de proximit√© assez bien entretenu. Il est sympa d'avoir un large choix de plantes ou de fleurs encore faut-il qu'elles soient en bon √©tat ce qui n'est pas souvent le cas. Il est aussi dommage que pour des produits quotidien la direction ne laisse pas assez de place aux produits de grandes marques. Le rayon p√¢tisseries n'est pas frais. √Ä leur d√©charge un gros plus pour le rayon fruits et l√©gumes. Par ailleurs, et malgr√© un accueil √† chaque fois peu agr√©able des caissi√®res et peu enclin √† vous renseigner, et quand c'est fait, c'est les dents serr√©es. C‚Äôest la premi√®re chose que j'ai remarqu√© et c'est tjrs le cas. Sur ce point, pourriez vous dire √† l'une de vos caissi√®res qui s'exprime comme un charretier de baisser la voix et de ses faire ses revendications aupr√®s de son responsable en off ou en priv√©. Elle n'est pas sur un march√© aux poissons. Je souligne que ce n'est pas le cas pour l'agent de s√©curit√© ce qui est assez rare pour √™tre soulign√©. Enfin, et peut-√™tre le plus important, attention au manque d'affichage des prix, et dans le bac au vrac (accessoires √† 1.50‚Ç¨) il est d√©sagr√©able de se retrouver avec deux produits dont √† 4‚Ç¨ et un √† 3‚Ç¨50 quand vous regardez votre ticket de casse alors que ceux-ci ne sont pas √©tiquet√©s. C‚Äôest une pratique douteuse et ill√©gale. Visit√© dimanche 26 avril (M08644 COO3 00013 T0023)",2020-09-07,medium
INTERMARCHE rue st charles 75015,"INTERMARCHE rue st charles 75015magasin mal organis√©,rayons mal rang√©s et presque vide.....en particulier le rayon du poulet qui n'est pas frais....m√©fiance aux R√©sponsable aux dates....d'expirations c'est un danger pour le consommateur.dommage....",2020-09-06,medium
2 caisses d'ouvertes ce jour vers‚Ä¶,"2 caisses d'ouvertes ce jour vers 15h30. Ouverture d'une 3eme caisse... un minimum au vu de l'attente... il me semble que le bon sens voudrait que l'on invite le client qui attend depuis le plus longtemps, √† s'installer et non au dernier de la file. Merci de sensibiliser votre √©quipe.",2020-09-02,medium
2 caisses 1/2 d attente une caisse‚Ä¶,2 caisses 1/2 d attente une caisse automatique qui ne marche jamais lamentable,2020-09-02,medium
tous unis contre la vie cher !,"ouai... j'ach√®te √† la poissonnerie du merlu. que des vers ! bourr√© de vers ! partout ! pour les poules sa ira tr√®s bien ou comme engraisau stand, des mouches qui rentre dans les bouches des poissons et n'en ressortent pasje crois que les mouches pondent 1000 oeuf environ !l'hygi√®ne des stands de poisson... une horreurn'ont toujours pas mis en place des frigos cel√© avec des jointures (des vrai frigo quoi...) pour les poissons c'est √† l'air, au contact de tout... avec une glace qui ne garde frais en fait que le cot√© en contact avec la glace ! l'autre est a l'air de 30¬∞ignoble !les prix sont exorbitants !genre un exemple :pots de mais 2 euro √† interau lidl 30 centimec'est √† peut pr√®s ce genre de diff√©rence...seul la liti√®re de 10L m'int√©resse 1euro41INEDIT : je suis rentr√©e dans une usine Intermarch√© pour un devis pro il y a quelque ann√©efaut voir.. ""producteur et commer√ßant"" ""nous produisons nous meme nos produits"" ! ouai mon oeil ! ZERO ! croyez moi ZERO ! honteux leur usine ! sa ma degout√© cette journ√©e ! ce que j'ai vu m'a indign√© et enrag√© ! dommage que je n'ai pas pu filmer ! je vous en aurait montr√© des choses ! ne venez plus au intermarch√© il faut les faire couler !pr√©f√©rez les auchant, lidl/aldi qui sont mieux !je suis pass√© au auchan gramont 31 quand j'√©tait en vacance chez la familleet bin ! rien que le rayon de fruit et l√©gumes sa fait 500m2 ! il est enorme j'avais jamais vu un magasin aussi enorme et avec tant de choix et que ""qualit√©"" je pense que c'est le seul..",2020-09-02,medium
Intermarch√© Longjumeau,Magasin trop ch√®re ! Pas mal de produits trouver avec la DLC d√©passer ! Rayon halal minuscule limite y‚Äôa rien ! Sinon quand y‚Äôa les promos sur les produits d‚Äôhygi√®ne c‚Äôest pas mal,2020-09-02,medium
Service (?) Drive et le n√©ant...,"A Intermarch√©, le service client est inexistant lors d'une r√©clamation, et r√©pond si l'on est satisfait....(?) ce qui me fait donc dire qu'il est inexistantLors de ma pr√©c√©dente commande, o√π j'avais pris une boite de glace en c√¥nes, j'ai eu la surprise lors de son ouverture de constater que la glace √©tait totalement fondue et recongel√©e dans l'√©tat, c'est √† dire coll√©e au carton d'emballage, et les c√¥nes vid√©sD√©√ßu, j'ai tout de m√™me eu la mauvaise id√©e d'en consommer un, ce qui m'a valu une nuit tr√®s agit√©e, entre les toilettes et mon litTr√®s m√©content, j'ai tenu √† en informer le site en question :Votre message : Bonjour, Concernant ma commande N¬∞798133465 du 20/08 pour l'article cr√®me br√ªl√©e glace c√¥nes boite de 6 ces glaces sont toutes fondues et recongel√©es, la cr√®me s'est r√©pandue dans la boite. (pour preuve, la boite est votre disposition) Apr√®s en avoir mang√© une, j'ai eu une violente intoxication alimentaire durant toute la nuit Inutile de me dire que ces c√¥nes se sont d√©congel√©s apr√®s l'achat, j'ai toujours une glaci√®re pour mes produits frais, et je suis √† 10 minutes de trajet Merci de votre retourEt, comme pour mes pr√©c√©dentes r√©clamations, rien, pas de r√©ponse, en dehors de la confirmation automatique du robot r√©pondeur",2020-09-02,medium
Honteux d √ßa voir un prospectus g√©ants‚Ä¶,Honteux d √ßa voir un prospectus g√©ants pour une promotion sur les moule de hollande arriver midi plus rien dans le rayon,2020-09-01,medium
intermarche belleu pres de soissons,"intermarche belleu pres de soissonsachat de creme fraiche marque de distributeur,fabriqu√©e dans la sarthe apparemment par mamie nova, une creme fraiche bien en deca des crit√©res d¬¥attente du consommateur en la matiere, faible gustativement et decevante en comparaison des marques de distributeur cora ou carrefour copie a revoir en matiere d¬¥achat, car les prix ne sont non plus meilleurs.",2020-08-29,medium
Concernant les masques hygi√®ne farma,"Concernant les masques hygi√®ne farma, au d√©but, j'√©tais surprise par la forme et par la fa√ßon de le mettre mais, √† l'usage et compar√© √† d'autres, notamment les masques tissu, je me suis aper√ßue que ces masques sont beaucoup plus supportables et on respire mieux; j'en ai donc rachet√© un paquet. Tant pis, si je surprends tout le monde avec ce rectangle sur mon visage",2020-08-29,medium
